{
  "success": true,
  "timestamp": 1781117887,
  "source": "USD",
  "quotes": {
    "USDAED": 3.672503,
    "USDAFN": 62.493911,
    "USDALL": 82.268889,
    "USDAMD": 368.440284,
    "USDANG": 1.79046,
    "USDAOA": 917.999844,
    "USDARS": 1433.231403,
    "USDAUD": 1.4263,
    "USDAWG": 1.8025,
    "USDAZN": 1.703834,
    "USDBAM": 1.693693,
    "USDBBD": 2.014921,
    "USDBDT": 122.796611,
    "USDBGN": 1.66992,
    "USDBHD": 0.377311,
    "USDBIF": 2990.171033,
    "USDBMD": 1,
    "USDBND": 1.288152,
    "USDBOB": 6.913185,
    "USDBRL": 5.181303,
    "USDBSD": 1.000403,
    "USDBTC": 1.6179332e-05,
    "USDBTN": 95.308075,
    "USDBWP": 13.585625,
    "USDBYN": 2.753744,
    "USDBYR": 19600,
    "USDBZD": 2.012029,
    "USDCAD": 1.39335,
    "USDCDF": 2276.000156,
    "USDCHF": 0.799155,
    "USDCLF": 0.02325,
    "USDCLP": 915.050518,
    "USDCNY": 6.77275,
    "USDCNH": 6.77994,
    "USDCOP": 3560.5,
    "USDCRC": 458.79862,
    "USDCUC": 1,
    "USDCUP": 26.5,
    "USDCVE": 95.489441,
    "USDCZK": 20.93285,
    "USDDJF": 177.71947,
    "USDDKK": 6.47045,
    "USDDOP": 58.367359,
    "USDDZD": 133.633987,
    "USDEGP": 51.823701,
    "USDERN": 15,
    "USDETB": 161.28556,
    "USDEUR": 0.86578,
    "USDFJD": 2.221299,
    "USDFKP": 0.74691,
    "USDGBP": 0.747245,
    "USDGEL": 2.650321,
    "USDGGP": 0.74691,
    "USDGHS": 11.654471,
    "USDGIP": 0.74691,
    "USDGMD": 72.999805,
    "USDGNF": 8763.91553,
    "USDGTQ": 7.62586,
    "USDGYD": 209.300714,
    "USDHKD": 7.83699,
    "USDHNL": 26.74553,
    "USDHRK": 6.522798,
    "USDHTG": 130.850267,
    "USDHUF": 308.564996,
    "USDIDR": 17869,
    "USDILS": 2.96846,
    "USDIMP": 0.74691,
    "USDINR": 95.33115,
    "USDIQD": 1310.581032,
    "USDIRR": 1375175.000058,
    "USDISK": 124.160119,
    "USDJEP": 0.74691,
    "USDJMD": 157.972903,
    "USDJOD": 0.708957,
    "USDJPY": 160.484499,
    "USDKES": 129.410208,
    "USDKGS": 87.449102,
    "USDKHR": 4025.979649,
    "USDKMF": 426.999876,
    "USDKPW": 899.855249,
    "USDKRW": 1521.170258,
    "USDKWD": 0.30933,
    "USDKYD": 0.833687,
    "USDKZT": 488.019052,
    "USDLAK": 22029.010608,
    "USDLBP": 89585.884391,
    "USDLKR": 333.14137,
    "USDLRD": 182.074042,
    "USDLSL": 16.574885,
    "USDLTL": 2.95274,
    "USDLVL": 0.60489,
    "USDLYD": 6.386553,
    "USDMAD": 9.263956,
    "USDMDL": 17.411561,
    "USDMGA": 4196.561175,
    "USDMKD": 53.353936,
    "USDMMK": 2098.917128,
    "USDMNT": 3576.283338,
    "USDMOP": 8.074908,
    "USDMRU": 40.001386,
    "USDMUR": 47.869992,
    "USDMVR": 15.459961,
    "USDMWK": 1734.747781,
    "USDMXN": 17.39793,
    "USDMYR": 4.069602,
    "USDMZN": 63.89797,
    "USDNAD": 16.574885,
    "USDNGN": 1360.970081,
    "USDNIO": 36.813004,
    "USDNOK": 9.45433,
    "USDNPR": 152.492747,
    "USDNZD": 1.720804,
    "USDOMR": 0.38451,
    "USDPAB": 1.00039,
    "USDPEN": 3.401414,
    "USDPGK": 4.446831,
    "USDPHP": 61.291971,
    "USDPKR": 278.390107,
    "USDPLN": 3.680226,
    "USDPYG": 6178.85334,
    "USDQAR": 3.647566,
    "USDRON": 4.5343,
    "USDRSD": 101.598711,
    "USDRUB": 72.246301,
    "USDRWF": 1467.590388,
    "USDSAR": 3.754433,
    "USDSBD": 8.045573,
    "USDSCR": 13.24125,
    "USDSDG": 600.492461,
    "USDSEK": 9.49158,
    "USDSGD": 1.28697,
    "USDSHP": 0.746601,
    "USDSLE": 24.650374,
    "USDSLL": 20969.502105,
    "USDSOS": 571.725482,
    "USDSRD": 37.361017,
    "USDSTD": 20697.981008,
    "USDSTN": 21.216989,
    "USDSVC": 8.753524,
    "USDSYP": 110.532098,
    "USDSZL": 16.570686,
    "USDTHB": 32.930503,
    "USDTJS": 9.358614,
    "USDTMT": 3.51,
    "USDTND": 2.936345,
    "USDTOP": 2.40776,
    "USDTRY": 46.137303,
    "USDTTD": 6.790185,
    "USDTWD": 31.691498,
    "USDTZS": 2620.00295,
    "USDUAH": 45.079173,
    "USDUGX": 3766.232079,
    "USDUYU": 40.528077,
    "USDUZS": 12059.909849,
    "USDVES": 566.973195,
    "USDVND": 26320,
    "USDVUV": 119.492286,
    "USDWST": 2.744995,
    "USDXAF": 568.051093,
    "USDXAG": 0.015468,
    "USDXAU": 0.000244,
    "USDXCD": 2.70255,
    "USDXCG": 1.80298,
    "USDXDR": 0.706825,
    "USDXOF": 568.041255,
    "USDXPF": 103.277319,
    "USDYER": 238.650172,
    "USDZAR": 16.547255,
    "USDZMK": 9001.178575,
    "USDZMW": 17.33189,
    "USDZWL": 321.999592
  }
}
